date,symbol,open,high,low,close,volume
2022-01-03,SPY,379.80,380.08,378.74,379.91,78086175
2022-01-04,SPY,380.29,380.70,373.33,373.66,81738271
2022-01-05,SPY,374.96,376.24,374.80,375.26,68925175
2022-01-06,SPY,375.54,377.51,371.19,371.25,78405150
2022-01-07,SPY,369.63,374.65,368.91,374.18,93101065
2022-01-10,SPY,374.60,374.97,372.49,373.66,63301666
2022-01-11,SPY,371.96,380.72,371.06,376.77,66262849
2022-01-12,SPY,377.52,383.15,376.24,381.29,64966957
2022-01-13,SPY,380.96,381.65,379.71,381.47,89576206
2022-01-14,SPY,382.21,384.38,381.26,383.64,69239433
2022-01-17,SPY,384.22,384.60,378.49,382.06,67710611
2022-01-18,SPY,382.94,385.12,376.83,377.59,92537260
2022-01-19,SPY,377.48,386.81,376.68,384.62,94293436
2022-01-20,SPY,384.66,385.05,378.06,378.53,90854479
2022-01-21,SPY,381.17,382.69,380.24,381.74,71573036
2022-01-24,SPY,382.83,383.70,378.40,378.50,91239539
2022-01-25,SPY,378.17,380.96,374.16,375.79,71483953
2022-01-26,SPY,377.13,378.25,376.74,378.22,82519540
2022-01-27,SPY,379.24,384.13,377.70,383.71,93550779
2022-01-28,SPY,385.13,386.09,382.12,386.04,74616854
2022-01-31,SPY,386.18,394.82,384.43,394.00,77734541
2022-02-01,SPY,394.97,402.43,391.22,401.32,90664463
2022-02-02,SPY,400.66,405.62,400.66,404.60,105873143
2022-02-03,SPY,404.08,406.28,399.37,400.09,74536227
2022-02-04,SPY,398.60,401.51,396.67,401.16,93277974
2022-02-07,SPY,403.90,404.36,399.58,401.77,60451040
2022-02-08,SPY,402.16,404.97,399.09,401.79,94859295
2022-02-09,SPY,403.64,406.40,403.55,405.24,72175255
2022-02-10,SPY,405.48,405.79,396.55,399.78,70834627
2022-02-11,SPY,397.90,402.55,397.48,401.92,92359400
2022-02-14,SPY,401.86,411.33,401.13,409.50,87754806
2022-02-15,SPY,408.64,414.40,408.50,412.53,90497369
2022-02-16,SPY,413.29,419.94,409.73,419.46,83655545
2022-02-17,SPY,419.60,422.09,418.40,418.60,87790664
2022-02-18,SPY,417.96,428.17,417.45,425.23,83446021
2022-02-21,SPY,426.34,427.38,421.09,422.77,87773276
2022-02-22,SPY,420.89,423.17,420.81,422.41,68820756
2022-02-23,SPY,423.03,426.68,422.35,425.69,95225974
2022-02-24,SPY,426.18,426.18,418.86,422.69,52065455
2022-02-25,SPY,422.30,427.02,419.09,426.85,79871402
2022-02-28,SPY,426.28,438.30,425.45,437.69,69639679
2022-03-01,SPY,437.32,437.72,433.64,437.36,110037015
2022-03-02,SPY,439.65,441.42,435.32,435.83,127474131
2022-03-03,SPY,433.87,434.82,429.81,430.63,90400100
2022-03-04,SPY,430.29,439.45,429.55,436.65,98603340
2022-03-07,SPY,434.08,438.49,431.66,438.43,111898222
2022-03-08,SPY,438.84,442.92,437.36,440.73,80703737
2022-03-09,SPY,441.50,443.58,439.46,442.73,68333272
2022-03-10,SPY,443.59,447.69,435.34,435.92,86748174
2022-03-11,SPY,436.01,445.00,435.32,443.23,68833940
2022-03-14,SPY,445.26,447.03,438.12,438.98,129954032
2022-03-15,SPY,439.79,440.33,437.76,438.15,114742570
2022-03-16,SPY,436.31,446.12,435.56,445.41,91747748
2022-03-17,SPY,442.40,445.77,437.41,437.54,78451952
2022-03-18,SPY,436.53,440.84,432.99,438.69,84937810
2022-03-21,SPY,440.00,441.39,439.65,439.98,100238914
2022-03-22,SPY,439.11,440.02,437.58,438.60,47513949
2022-03-23,SPY,438.93,439.57,437.51,438.77,85577057
2022-03-24,SPY,438.82,448.06,437.78,447.15,78953653
2022-03-25,SPY,446.98,447.09,436.45,439.69,94152106
2022-03-28,SPY,438.75,445.68,436.75,444.49,84679410
2022-03-29,SPY,443.47,449.62,442.46,446.05,51459075
2022-03-30,SPY,445.51,448.35,444.68,448.34,85857990
2022-03-31,SPY,446.79,448.17,434.43,436.70,108547293
2022-04-01,SPY,434.01,446.87,430.68,445.50,104204010
2022-04-04,SPY,443.97,449.77,442.83,446.18,51632766
2022-04-05,SPY,445.20,447.28,444.37,447.08,100602408
2022-04-06,SPY,447.51,450.76,437.33,438.78,83159730
2022-04-07,SPY,437.87,440.32,437.70,439.18,65843487
2022-04-08,SPY,440.23,448.11,439.10,447.81,68234560
2022-04-11,SPY,447.61,454.59,447.28,453.75,89246142
2022-04-12,SPY,454.79,455.13,450.94,452.44,90085761
2022-04-13,SPY,451.27,452.97,449.79,451.13,65232685
2022-04-14,SPY,451.07,458.00,446.95,455.14,80363337
2022-04-15,SPY,454.62,454.76,443.35,446.00,76242600
2022-04-18,SPY,445.39,448.24,444.04,446.87,106800255
2022-04-19,SPY,445.76,446.42,443.64,445.34,69729679
2022-04-20,SPY,446.31,448.59,443.82,447.25,71742770
2022-04-21,SPY,446.19,453.38,444.05,452.66,92335631
2022-04-22,SPY,451.04,453.01,449.90,451.99,66141727
2022-04-25,SPY,452.32,456.16,448.50,449.15,82608644
2022-04-26,SPY,450.55,451.65,445.59,446.68,69949750
2022-04-27,SPY,444.64,451.67,443.52,451.07,81048162
2022-04-28,SPY,451.12,454.95,450.71,452.89,75275116
2022-04-29,SPY,453.87,454.83,444.40,446.99,68788177
2022-05-02,SPY,446.91,447.96,446.89,447.80,54281907
2022-05-03,SPY,448.68,454.96,444.64,452.91,75215492
2022-05-04,SPY,452.92,456.91,449.78,453.39,87286519
2022-05-05,SPY,449.88,453.52,443.60,446.07,96035381
2022-05-06,SPY,445.76,447.84,441.01,442.09,63470577
2022-05-09,SPY,440.77,451.12,440.56,449.74,80370668
2022-05-10,SPY,449.90,460.32,448.90,458.11,71408240
2022-05-11,SPY,458.63,463.00,457.04,462.78,72072553
2022-05-12,SPY,463.03,465.86,462.53,462.72,74738016
2022-05-13,SPY,463.67,464.76,456.97,457.60,51475851
2022-05-16,SPY,455.77,465.46,453.84,464.02,59982938
2022-05-17,SPY,464.12,466.13,461.63,464.27,102481674
2022-05-18,SPY,462.25,463.75,451.62,453.98,74170439
2022-05-19,SPY,454.93,455.78,454.75,455.37,68349006
2022-05-20,SPY,454.69,463.74,453.76,463.12,81594852
2022-05-23,SPY,462.89,464.77,461.40,462.88,101210636
2022-05-24,SPY,463.89,466.48,462.17,464.92,84550351
2022-05-25,SPY,466.13,466.93,464.31,466.80,80357725
2022-05-26,SPY,466.79,467.57,454.67,456.92,82269159
2022-05-27,SPY,456.92,464.59,454.34,462.70,65453984
2022-05-30,SPY,463.58,463.96,454.77,455.81,81101471
2022-05-31,SPY,457.26,463.39,456.76,462.20,72007571
2022-06-01,SPY,463.14,465.34,453.89,453.90,72602116
2022-06-02,SPY,450.71,460.85,450.45,460.53,71437144
2022-06-03,SPY,461.87,469.40,461.71,468.91,74179640
2022-06-06,SPY,467.07,469.64,464.81,466.73,91972494
2022-06-07,SPY,469.64,473.36,460.95,461.30,66436690
2022-06-08,SPY,461.88,463.57,457.13,457.19,96329670
2022-06-09,SPY,459.95,462.83,447.39,449.61,58795380
2022-06-10,SPY,448.22,449.23,443.60,448.76,76569469
2022-06-13,SPY,447.26,459.64,444.59,459.14,89573562
2022-06-14,SPY,461.81,462.20,457.91,458.59,88254087
2022-06-15,SPY,456.75,457.30,456.17,456.49,82494725
2022-06-16,SPY,455.79,460.01,452.62,459.23,63383007
2022-06-17,SPY,458.90,470.93,454.44,469.49,82325324
2022-06-20,SPY,470.65,479.71,470.42,476.51,72120203
2022-06-21,SPY,473.98,474.17,467.02,468.12,85860022
2022-06-22,SPY,467.00,468.85,464.67,465.70,64504171
2022-06-23,SPY,465.67,467.34,463.44,463.87,68595199
2022-06-24,SPY,464.58,464.91,462.27,463.15,55219781
2022-06-27,SPY,463.53,464.72,457.41,460.35,82387673
2022-06-28,SPY,460.10,466.50,459.27,466.32,83706772
2022-06-29,SPY,466.42,469.69,464.96,469.40,77443432
2022-06-30,SPY,469.11,476.07,468.19,475.75,91807788
2022-07-01,SPY,477.05,478.84,468.17,470.16,83089091
2022-07-04,SPY,470.58,472.58,469.41,470.19,86644903
2022-07-05,SPY,471.97,473.16,463.35,464.35,82818177
2022-07-06,SPY,463.89,464.83,459.24,459.28,81856169
2022-07-07,SPY,459.53,460.80,449.14,451.09,77679719
2022-07-08,SPY,452.04,453.58,440.27,440.37,65093267
2022-07-11,SPY,440.17,444.44,434.40,434.71,89966480
2022-07-12,SPY,434.07,434.38,431.83,432.43,96412276
2022-07-13,SPY,431.54,432.68,431.22,431.88,103343005
2022-07-14,SPY,430.52,432.01,425.97,429.57,84946909
2022-07-15,SPY,427.98,431.36,420.02,421.91,88526217
2022-07-18,SPY,419.69,419.99,414.07,414.64,86482850
2022-07-19,SPY,414.63,419.87,414.42,417.70,87503892
2022-07-20,SPY,415.90,417.73,413.46,414.15,73861549
2022-07-21,SPY,415.43,415.87,413.06,413.61,90232000
2022-07-22,SPY,415.33,424.79,413.47,423.65,136280881
2022-07-25,SPY,423.17,424.36,414.20,416.92,86303601
2022-07-26,SPY,417.25,418.16,408.63,409.15,61697153
2022-07-27,SPY,408.61,408.65,404.14,404.98,91028306
2022-07-28,SPY,402.87,404.07,397.60,399.75,71402655
2022-07-29,SPY,400.34,412.29,399.01,410.38,83650587
2022-08-01,SPY,413.31,414.94,402.87,403.97,101901948
2022-08-02,SPY,402.76,403.27,402.18,402.83,93136281
2022-08-03,SPY,401.14,402.57,400.06,402.50,47251462
2022-08-04,SPY,400.77,401.71,395.43,398.53,107881304
2022-08-05,SPY,397.97,399.07,393.51,395.19,73718921
2022-08-08,SPY,397.81,397.98,393.16,393.92,81798709
2022-08-09,SPY,392.71,396.46,390.88,396.07,75826046
2022-08-10,SPY,396.95,404.55,395.47,404.40,75328880
2022-08-11,SPY,403.72,411.26,401.50,408.89,75649305
2022-08-12,SPY,406.43,418.81,403.42,416.83,78648802
2022-08-15,SPY,417.86,423.13,413.39,416.59,71509755
2022-08-16,SPY,415.47,417.77,413.50,417.40,73980905
2022-08-17,SPY,417.70,418.68,411.41,413.78,70153721
2022-08-18,SPY,413.84,414.33,412.74,412.83,56567319
2022-08-19,SPY,411.69,416.88,409.08,415.29,97415024
2022-08-22,SPY,416.72,417.17,412.38,415.21,63744553
2022-08-23,SPY,414.25,421.44,413.96,419.61,77345492
2022-08-24,SPY,419.20,420.00,410.84,415.14,87539952
2022-08-25,SPY,416.77,418.68,409.12,411.72,97814359
2022-08-26,SPY,410.94,411.92,403.98,404.51,55167920
2022-08-29,SPY,404.27,408.11,403.32,406.03,125535714
2022-08-30,SPY,406.00,407.73,396.78,398.62,92327569
2022-08-31,SPY,397.69,404.02,394.46,402.82,105642502
2022-09-01,SPY,402.51,407.40,401.30,405.88,94628962
2022-09-02,SPY,405.01,405.33,398.02,398.59,94358522
2022-09-05,SPY,398.74,402.25,393.27,394.36,93058443
2022-09-06,SPY,395.27,398.12,394.69,394.86,98359676
2022-09-07,SPY,395.56,396.99,390.13,391.31,96471862
2022-09-08,SPY,390.36,390.36,385.72,388.72,84637294
2022-09-09,SPY,387.87,393.79,386.04,393.67,71433404
2022-09-12,SPY,393.62,400.52,393.31,398.21,77030961
2022-09-13,SPY,397.43,407.37,395.36,404.91,86212818
2022-09-14,SPY,404.96,405.61,392.24,394.99,69065128
2022-09-15,SPY,393.91,395.57,391.73,392.83,58461132
2022-09-16,SPY,390.94,393.28,386.14,388.56,72182615
2022-09-19,SPY,387.13,387.87,385.88,385.96,73520360
2022-09-20,SPY,387.80,388.17,383.65,384.39,41209400
2022-09-21,SPY,381.88,382.60,381.31,381.95,69885533
2022-09-22,SPY,380.77,385.78,378.41,384.90,76074676
2022-09-23,SPY,385.52,387.61,382.52,387.41,73783702
2022-09-26,SPY,384.21,388.63,383.64,385.90,62359767
2022-09-27,SPY,387.33,392.76,385.10,392.59,86284640
2022-09-28,SPY,391.21,392.85,386.93,390.25,88507448
2022-09-29,SPY,392.66,393.50,389.42,392.99,67458185
2022-09-30,SPY,393.41,395.43,390.33,393.89,75050754
2022-10-03,SPY,395.71,402.03,395.09,399.06,96464078
2022-10-04,SPY,400.49,409.04,399.17,407.86,68151735
2022-10-05,SPY,409.06,409.63,401.34,401.38,71319199
2022-10-06,SPY,401.66,403.31,399.98,400.09,83690823
2022-10-07,SPY,399.20,401.58,396.21,400.32,70981355
2022-10-10,SPY,401.39,409.96,400.17,405.65,70462395
2022-10-11,SPY,405.88,409.63,404.85,408.85,66516249
2022-10-12,SPY,407.35,407.63,404.38,404.57,82568079
2022-10-13,SPY,405.67,407.16,397.96,400.44,90669618
2022-10-14,SPY,401.24,402.22,399.68,400.73,99340780
2022-10-17,SPY,403.10,408.45,402.58,408.39,86245383
2022-10-18,SPY,409.15,409.35,407.45,407.76,106384732
2022-10-19,SPY,407.85,409.40,407.60,407.96,84374333
2022-10-20,SPY,406.47,407.09,404.62,407.04,83152268
2022-10-21,SPY,408.15,409.38,400.20,400.65,78497991
2022-10-24,SPY,398.29,403.82,398.06,402.05,85178891
2022-10-25,SPY,400.84,401.28,400.12,401.07,63971044
2022-10-26,SPY,400.82,403.98,399.75,402.05,91020070
2022-10-27,SPY,401.03,404.51,398.67,403.00,123185187
2022-10-28,SPY,402.75,403.33,396.73,397.18,71239242
2022-10-31,SPY,395.99,398.19,387.48,387.68,69737008
2022-11-01,SPY,387.93,388.83,382.47,383.90,74207303
2022-11-02,SPY,382.37,385.37,381.75,384.36,86131371
2022-11-03,SPY,384.16,385.64,383.57,385.31,100191646
2022-11-04,SPY,385.86,390.88,384.17,389.05,70042076
2022-11-07,SPY,389.57,390.97,385.50,387.32,80053922
2022-11-08,SPY,386.77,390.77,376.25,377.38,71763082
2022-11-09,SPY,377.02,377.61,373.16,374.05,102537453
2022-11-10,SPY,372.77,380.85,370.35,378.95,67780817
2022-11-11,SPY,376.40,386.20,374.51,385.31,77839998
2022-11-14,SPY,387.27,388.53,383.80,383.90,89405297
2022-11-15,SPY,382.95,383.05,382.02,382.17,93260831
2022-11-16,SPY,381.65,382.14,377.02,377.27,77220796
2022-11-17,SPY,376.48,377.83,375.82,376.62,63573498
2022-11-18,SPY,376.87,383.27,376.44,381.33,82509178
2022-11-21,SPY,382.65,384.81,381.57,384.24,70910276
2022-11-22,SPY,383.38,383.82,379.12,379.14,72629644
2022-11-23,SPY,379.54,380.30,373.65,375.21,77724877
2022-11-24,SPY,374.01,375.25,372.20,373.46,80613405
2022-11-25,SPY,374.05,374.10,372.16,373.49,104840127
2022-11-28,SPY,373.98,375.29,372.78,373.29,63075432
2022-11-29,SPY,371.53,379.48,370.24,376.79,82815367
2022-11-30,SPY,378.77,380.20,374.71,376.45,71027961
2022-12-01,SPY,375.32,375.55,374.50,374.71,67792142
2022-12-02,SPY,373.14,383.30,372.58,381.35,76887756
2022-12-05,SPY,380.64,385.42,379.66,383.84,69746070
2022-12-06,SPY,383.28,388.01,382.38,386.83,95608944
2022-12-07,SPY,387.74,392.80,386.94,391.59,76071737
2022-12-08,SPY,391.93,392.99,382.96,383.58,87912261
2022-12-09,SPY,382.41,382.95,377.15,377.93,82505302
2022-12-12,SPY,377.98,380.54,370.04,373.26,90749954
2022-12-13,SPY,372.63,374.74,365.90,367.97,74017151
2022-12-14,SPY,369.05,369.72,366.33,366.71,91365252
2022-12-15,SPY,367.16,372.78,365.67,372.17,106527824
2022-12-16,SPY,374.15,377.07,372.88,375.68,63647202
2022-12-19,SPY,375.63,378.14,370.35,371.23,93010060
2022-12-20,SPY,371.82,373.83,368.09,368.82,95351606
2022-12-21,SPY,369.14,372.82,367.23,370.30,66847146
2022-12-22,SPY,369.61,376.73,369.59,376.71,96095603
2022-12-23,SPY,377.22,378.01,370.96,372.17,76844213
2022-12-26,SPY,371.37,378.94,370.85,377.21,58998756
2022-12-27,SPY,377.41,380.16,376.30,379.62,76397105
2022-12-28,SPY,381.54,383.27,372.63,373.62,97173485
2022-12-29,SPY,374.43,379.09,373.96,376.80,64302576
2022-12-30,SPY,377.70,381.68,375.79,381.19,98587258
2023-01-02,SPY,379.61,385.59,377.43,384.39,72760543
2023-01-03,SPY,383.66,384.93,378.85,379.79,90863959
2023-01-04,SPY,380.50,383.37,379.94,381.70,81198420
2023-01-05,SPY,383.65,386.12,381.53,384.74,95284470
2023-01-06,SPY,382.68,391.57,382.35,390.19,80813215
2023-01-09,SPY,389.70,390.35,387.01,388.31,57533215
2023-01-10,SPY,387.66,391.39,387.05,389.91,75069232
2023-01-11,SPY,389.01,389.45,387.40,387.41,63625394
2023-01-12,SPY,387.20,387.83,382.47,384.08,87321598
2023-01-13,SPY,387.23,388.68,379.66,380.86,82910050
2023-01-16,SPY,381.81,384.56,376.72,377.31,82591565
2023-01-17,SPY,377.31,379.47,374.19,375.53,66436625
2023-01-18,SPY,376.84,383.80,375.84,383.06,80985613
2023-01-19,SPY,383.60,384.08,376.58,379.98,93893045
2023-01-20,SPY,381.21,381.63,380.92,381.42,96729892
2023-01-23,SPY,381.75,388.70,381.49,383.77,82537786
2023-01-24,SPY,382.84,393.96,380.65,392.33,88004936
2023-01-25,SPY,393.20,398.01,391.62,395.86,97958988
2023-01-26,SPY,395.90,397.06,395.32,395.99,89629544
2023-01-27,SPY,395.79,397.71,390.44,391.43,87953246
2023-01-30,SPY,391.78,394.21,389.04,390.38,72990933
2023-01-31,SPY,391.68,392.87,388.52,390.39,81861129
2023-02-01,SPY,391.05,393.00,389.01,389.94,80922641
2023-02-02,SPY,389.69,394.78,389.11,394.20,79109483
2023-02-03,SPY,393.98,395.97,387.92,388.06,66943100
2023-02-06,SPY,385.90,394.13,385.90,390.81,82713878
2023-02-07,SPY,389.77,391.50,387.58,391.26,83293434
2023-02-08,SPY,391.08,391.49,380.40,383.09,72162456
2023-02-09,SPY,384.87,388.46,384.35,386.14,61460759
2023-02-10,SPY,387.99,389.02,378.10,379.32,83285415
2023-02-13,SPY,379.53,385.11,378.61,381.68,35105275
2023-02-14,SPY,380.83,381.15,379.76,379.78,70232856
2023-02-15,SPY,381.33,382.24,373.26,374.26,90194744
2023-02-16,SPY,375.68,378.32,374.51,376.73,70883174
2023-02-17,SPY,376.52,384.86,376.46,381.39,53237562
2023-02-20,SPY,381.32,381.93,377.56,379.82,63264066
2023-02-21,SPY,379.54,381.50,374.34,375.40,72917071
2023-02-22,SPY,373.86,381.62,373.60,380.58,83544871
2023-02-23,SPY,379.80,384.15,379.79,382.92,116176983
2023-02-24,SPY,384.38,385.38,379.16,380.95,100409333
2023-02-27,SPY,378.40,379.69,373.93,375.53,80780384
2023-02-28,SPY,377.32,378.39,372.81,373.79,90972994
2023-03-01,SPY,373.17,374.74,364.42,367.66,62340611
2023-03-02,SPY,366.45,373.32,364.74,372.50,92984108
2023-03-03,SPY,373.05,373.20,370.20,371.94,65390858
2023-03-06,SPY,371.88,376.29,367.18,375.12,96651631
2023-03-07,SPY,377.57,378.34,372.29,372.34,89905664
2023-03-08,SPY,373.31,374.28,365.97,367.87,91898093
2023-03-09,SPY,367.07,369.81,366.63,369.50,49499858
2023-03-10,SPY,370.54,372.42,364.63,366.50,70575272
2023-03-13,SPY,365.24,368.08,364.56,367.37,97045609
2023-03-14,SPY,368.75,373.10,366.95,372.79,99856476
2023-03-15,SPY,372.30,373.40,365.75,366.40,103895980
2023-03-16,SPY,364.54,366.23,364.29,365.83,74740864
2023-03-17,SPY,365.56,373.62,364.88,371.48,62784721
2023-03-20,SPY,371.78,380.63,370.18,378.50,115538698
2023-03-21,SPY,379.53,380.26,368.57,368.83,85149926
2023-03-22,SPY,368.07,372.55,366.08,370.46,109378450
2023-03-23,SPY,369.14,376.70,367.04,376.69,72635083
2023-03-24,SPY,376.24,377.99,374.48,375.39,79852616
2023-03-27,SPY,375.16,379.70,373.15,378.39,57226153
2023-03-28,SPY,376.44,377.53,373.15,373.60,80811430
2023-03-29,SPY,372.46,373.94,368.40,370.45,61461836
2023-03-30,SPY,368.89,374.21,367.98,374.19,116419167
2023-03-31,SPY,374.40,374.90,365.55,366.68,84728194
2023-04-03,SPY,365.50,368.54,364.93,367.91,99642045
2023-04-04,SPY,369.54,369.83,362.88,365.77,87846437
2023-04-05,SPY,364.80,367.33,364.12,365.96,95253284
2023-04-06,SPY,366.79,367.78,365.45,366.15,64519348
2023-04-07,SPY,366.17,373.71,365.47,370.74,91266893
2023-04-10,SPY,370.29,370.43,366.17,367.89,62445839
2023-04-11,SPY,367.81,368.26,366.16,367.96,73994939
2023-04-12,SPY,367.80,371.81,367.43,371.52,48984075
2023-04-13,SPY,370.81,373.76,368.01,372.38,73356633
2023-04-14,SPY,373.35,373.70,362.09,364.54,69897126
2023-04-17,SPY,363.89,368.81,363.36,368.39,78075858
2023-04-18,SPY,368.34,369.17,357.16,361.43,76804874
2023-04-19,SPY,362.50,362.73,359.63,360.00,66888260
2023-04-20,SPY,359.32,367.81,357.69,367.26,75432426
2023-04-21,SPY,367.90,368.91,366.20,367.81,82722248
2023-04-24,SPY,366.98,367.94,362.41,364.19,103948660
2023-04-25,SPY,364.12,377.38,362.71,376.12,104112211
2023-04-26,SPY,375.76,376.61,367.15,369.74,64799838
2023-04-27,SPY,371.20,375.43,370.51,375.18,56919285
2023-04-28,SPY,374.94,379.22,374.32,375.35,85327496
2023-05-01,SPY,373.76,374.88,367.50,368.28,75404511
2023-05-02,SPY,367.17,367.62,363.91,364.60,78397990
2023-05-03,SPY,365.10,365.33,362.89,364.14,81544977
2023-05-04,SPY,365.51,370.73,364.16,368.57,106742332
2023-05-05,SPY,368.54,369.07,364.18,364.83,87799878
2023-05-08,SPY,366.26,367.52,362.24,362.44,95353884
2023-05-09,SPY,361.89,372.65,361.57,371.48,56263345
2023-05-10,SPY,370.14,370.89,367.17,367.78,80419231
2023-05-11,SPY,368.25,377.94,367.89,373.97,91838793
2023-05-12,SPY,375.66,376.96,374.39,376.39,104436091
2023-05-15,SPY,376.31,377.07,373.05,373.70,66871339
2023-05-16,SPY,373.45,385.14,372.69,382.48,76893666
2023-05-17,SPY,382.25,388.10,381.14,386.71,84090085
2023-05-18,SPY,386.82,390.31,383.35,384.20,77295323
2023-05-19,SPY,383.06,384.41,382.31,382.42,102305892
2023-05-22,SPY,382.10,383.59,374.92,375.43,78593639
2023-05-23,SPY,375.44,375.59,369.57,372.83,69263251
2023-05-24,SPY,374.28,375.51,362.40,363.55,92073166
2023-05-25,SPY,362.87,375.63,362.34,373.69,76449511
2023-05-26,SPY,373.06,373.65,364.76,368.17,87956928
2023-05-29,SPY,368.67,369.29,361.80,366.19,55140730
2023-05-30,SPY,366.97,370.43,360.11,361.54,107438223
2023-05-31,SPY,362.95,363.06,353.84,357.02,106729779
2023-06-01,SPY,360.17,361.79,353.27,353.71,107118547
2023-06-02,SPY,353.03,353.22,349.43,350.06,85807734
2023-06-05,SPY,350.27,351.16,344.32,346.41,84922407
2023-06-06,SPY,346.44,347.30,338.88,340.68,54868662
2023-06-07,SPY,339.59,344.20,338.54,342.45,83289967
2023-06-08,SPY,342.11,344.95,342.04,344.02,90968060
2023-06-09,SPY,341.46,344.45,339.38,343.74,101788103
2023-06-12,SPY,343.61,344.12,342.75,343.66,88685565
2023-06-13,SPY,344.34,346.04,337.81,339.10,77197379
2023-06-14,SPY,339.84,341.06,339.12,340.48,73041719
2023-06-15,SPY,340.92,341.57,339.06,341.55,63650197
2023-06-16,SPY,340.29,343.95,339.80,343.64,70966572
2023-06-19,SPY,345.37,345.77,342.83,343.24,57899426
2023-06-20,SPY,344.41,345.67,342.80,344.83,87148972
2023-06-21,SPY,344.79,345.51,337.95,338.92,72603853
2023-06-22,SPY,339.29,341.02,336.80,338.16,89694774
2023-06-23,SPY,337.12,340.75,336.99,339.26,95623750
2023-06-26,SPY,339.83,342.40,337.84,340.36,96798257
2023-06-27,SPY,339.02,340.90,338.67,339.71,124271964
2023-06-28,SPY,340.06,344.50,339.74,344.29,78460217
2023-06-29,SPY,345.25,345.63,334.11,337.83,70467151
2023-06-30,SPY,338.83,338.88,331.98,333.96,56127206
2023-07-03,SPY,335.03,335.91,327.76,329.15,72099928
2023-07-04,SPY,329.68,331.16,323.59,325.66,75638352
2023-07-05,SPY,325.74,326.82,325.07,325.22,71302949
2023-07-06,SPY,323.44,323.92,320.38,320.40,93825873
2023-07-07,SPY,322.63,322.73,317.85,318.46,85708928
2023-07-10,SPY,318.66,321.29,313.43,314.28,81000179
2023-07-11,SPY,314.42,316.20,313.29,314.60,103496373
2023-07-12,SPY,314.04,316.53,313.52,316.00,109317266
2023-07-13,SPY,316.39,320.31,314.13,319.73,78476770
2023-07-14,SPY,318.56,319.66,315.45,315.91,91481022
2023-07-17,SPY,317.00,320.04,315.95,319.85,113889733
2023-07-18,SPY,321.39,325.78,320.43,323.82,68733275
2023-07-19,SPY,323.89,325.70,313.23,313.90,82931633
2023-07-20,SPY,313.44,313.80,309.67,311.16,97610495
2023-07-21,SPY,311.46,312.07,302.65,304.46,91427676
2023-07-24,SPY,302.25,303.46,296.71,297.30,77164895
2023-07-25,SPY,297.90,299.53,295.71,297.86,83786921
2023-07-26,SPY,297.76,298.53,296.81,297.01,102297603
2023-07-27,SPY,295.92,296.68,289.84,291.67,76915266
2023-07-28,SPY,289.92,290.22,286.25,287.69,112633683
2023-07-31,SPY,287.89,296.78,287.75,296.21,97126934
2023-08-01,SPY,296.26,298.25,295.52,296.64,111964719
2023-08-02,SPY,296.15,297.22,290.28,291.26,72596144
2023-08-03,SPY,290.24,293.91,287.57,293.80,104575523
2023-08-04,SPY,294.12,295.09,287.05,287.62,63464295
2023-08-07,SPY,287.71,290.98,287.52,290.33,114967477
2023-08-08,SPY,289.90,290.50,286.74,287.59,59319295
2023-08-09,SPY,286.33,292.50,285.98,292.49,69385627
2023-08-10,SPY,290.44,297.78,289.39,296.91,93123461
2023-08-11,SPY,297.60,304.57,294.95,302.88,82454001
2023-08-14,SPY,302.54,302.84,298.20,298.31,100636306
2023-08-15,SPY,297.56,299.32,289.76,291.67,95086691
2023-08-16,SPY,293.03,294.42,292.67,292.75,65455754
2023-08-17,SPY,292.14,298.10,290.80,296.67,81827856
2023-08-18,SPY,296.72,303.10,296.61,301.62,73603268
2023-08-21,SPY,303.27,312.17,302.26,311.92,55864558
2023-08-22,SPY,311.68,314.48,311.28,313.89,86544142
2023-08-23,SPY,314.19,319.59,313.22,318.67,88746902
2023-08-24,SPY,319.35,320.27,314.99,315.05,68278650
2023-08-25,SPY,313.98,316.03,308.77,308.80,73365686
2023-08-28,SPY,309.61,309.77,305.80,305.86,88371751
2023-08-29,SPY,304.38,310.99,302.18,310.12,68084246
2023-08-30,SPY,310.76,315.19,310.53,314.35,101194648
2023-08-31,SPY,314.06,314.12,306.49,309.01,95398248
2023-09-01,SPY,308.30,316.14,307.72,313.32,64911133
2023-09-04,SPY,311.98,323.73,311.69,322.61,65293703
2023-09-05,SPY,322.88,325.28,320.43,325.14,55490462
2023-09-06,SPY,324.33,332.89,321.86,330.96,114523295
2023-09-07,SPY,329.80,331.13,329.73,330.70,53557259
2023-09-08,SPY,329.78,336.04,328.51,334.11,75779939
2023-09-11,SPY,333.87,334.48,329.62,333.75,65957046
2023-09-12,SPY,334.75,335.26,332.64,333.48,60063484
2023-09-13,SPY,334.19,338.38,332.17,337.74,87553742
2023-09-14,SPY,337.40,340.26,337.33,338.39,66937368
2023-09-15,SPY,338.46,338.92,337.02,338.21,79009241
2023-09-18,SPY,338.64,341.22,337.33,339.85,74820427
2023-09-19,SPY,340.01,344.65,339.00,343.10,73329798
2023-09-20,SPY,342.84,347.54,340.30,346.21,96373917
2023-09-21,SPY,344.60,355.98,344.23,355.21,73995641
2023-09-22,SPY,354.81,357.84,353.42,356.26,86202101
2023-09-25,SPY,356.85,357.81,350.90,351.40,80450106
2023-09-26,SPY,350.82,357.30,349.88,356.78,87961869
2023-09-27,SPY,356.47,361.78,354.71,359.89,73509909
2023-09-28,SPY,360.75,365.41,359.98,362.77,78691601
2023-09-29,SPY,365.16,365.54,356.51,357.69,118512881
2023-10-02,SPY,357.27,359.40,352.81,354.66,81109485
2023-10-03,SPY,355.69,356.27,353.03,354.33,94583694
2023-10-04,SPY,353.21,358.37,352.47,357.39,62759898
2023-10-05,SPY,357.04,361.82,355.56,361.42,74081917
2023-10-06,SPY,362.23,369.69,360.80,367.32,89534015
2023-10-09,SPY,366.71,367.97,362.63,364.57,81429340
2023-10-10,SPY,365.82,365.92,360.96,362.36,90407082
2023-10-11,SPY,361.56,370.17,360.87,367.67,59751352
2023-10-12,SPY,366.14,374.85,363.98,374.36,93068187
2023-10-13,SPY,373.48,373.75,371.14,371.49,102445978
2023-10-16,SPY,369.99,371.71,368.45,370.25,76598059
2023-10-17,SPY,370.30,374.92,370.18,373.12,62829830
2023-10-18,SPY,372.07,372.56,369.45,369.72,60204809
2023-10-19,SPY,369.72,370.41,364.98,365.09,46898082
2023-10-20,SPY,367.03,372.52,366.23,370.18,90079788
2023-10-23,SPY,370.39,372.06,366.54,366.71,58554606
2023-10-24,SPY,366.32,369.87,366.06,368.74,73106609
2023-10-25,SPY,367.44,372.31,366.65,371.92,91159586
2023-10-26,SPY,372.22,373.00,367.54,371.02,66105227
2023-10-27,SPY,372.15,373.00,369.04,370.98,76675641
2023-10-30,SPY,370.43,371.52,369.20,370.88,71850791
2023-10-31,SPY,370.15,370.19,366.78,369.47,86419006
2023-11-01,SPY,369.97,370.65,368.95,369.70,94735414
2023-11-02,SPY,371.91,374.00,368.10,368.46,63089396
2023-11-03,SPY,367.59,368.30,363.29,364.43,62841589
2023-11-06,SPY,362.86,368.24,360.94,367.65,86930641
2023-11-07,SPY,368.34,370.25,367.42,369.40,101054945
2023-11-08,SPY,369.32,370.26,364.25,365.35,88370868
2023-11-09,SPY,364.80,373.63,362.94,371.63,79987954
2023-11-10,SPY,371.67,372.31,368.25,369.74,93352498
2023-11-13,SPY,370.34,371.72,368.82,371.67,44550206
2023-11-14,SPY,371.63,372.24,365.63,367.02,89299528
2023-11-15,SPY,367.26,367.44,363.18,363.26,67562228
2023-11-16,SPY,364.60,365.39,361.57,362.97,78798770
2023-11-17,SPY,362.46,362.68,354.24,356.10,97039308
2023-11-20,SPY,355.18,358.63,354.81,358.45,76347376
2023-11-21,SPY,358.94,358.99,352.54,353.68,58075604
2023-11-22,SPY,357.55,358.81,349.02,349.43,86566326
2023-11-23,SPY,351.24,351.33,345.62,345.83,107275795
2023-11-24,SPY,345.32,345.80,341.18,343.07,84137592
2023-11-27,SPY,343.26,346.44,342.07,345.53,85080542
2023-11-28,SPY,346.79,347.76,343.12,345.05,77105654
2023-11-29,SPY,346.94,351.89,346.67,348.73,73940774
2023-11-30,SPY,348.30,360.29,346.18,356.40,85242583
2023-12-01,SPY,356.94,357.75,354.64,355.28,52657579
